{
  "controller/adminDashboard.controller.js": 1746010704257,
  "i18n/i18n.properties": 1745555577633,
  "controller/orderItem.controller.js": 1745904837645,
  "controller/order.controller.js": 1746013526102,
  "model/models.js": 1745555577637,
  "controller/App.controller.js": 1745924577702,
  "manifest.json": 1746019961063,
  "Component.js": 1746011469530,
  "Component-dbg.js": 1746011469530,
  "Component.js.map": 1746019961203,
  "controller/orderItem-dbg.controller.js": 1745904837645,
  "controller/orderItem.controller.js.map": 1746019961205,
  "controller/order-dbg.controller.js": 1746013526102,
  "controller/order.controller.js.map": 1746019961246,
  "model/models-dbg.js": 1745555577637,
  "model/models.js.map": 1746019961199,
  "controller/App-dbg.controller.js": 1745924577702,
  "controller/App.controller.js.map": 1746019961201,
  "controller/adminDashboard-dbg.controller.js": 1746010704257,
  "controller/adminDashboard.controller.js.map": 1746019961253,
  "Component-preload.js": 1746019961335,
  "Component-preload.js.map": 1746019961335,
  "view/fragments/updateCustomer.fragment.xml": 1745565053449,
  "view/fragments/createOrderItem.fragment.xml": 1745670000019,
  "view/fragments/createOrder.fragment.xml": 1745841290632,
  "view/fragments/createCustomer.fragment.xml": 1745918590525,
  "view/orderItem.view.xml": 1745918671918,
  "view/order.view.xml": 1745927349870,
  "view/adminDashboard.view.xml": 1745921830950,
  "view/App.view.xml": 1745919506273,
  "css/style.css": 1745555577637,
  "index.html": 1745555577629
}